,user,text,favorite_count,retweet_count,created_at
0,narendramodi,"Pained by the passing away of Shri Anand Mamani, the Deputy Speaker of the Karnataka Assembly. He was a formidable leader who worked extensively for social empowerment. He also worked to strengthen BJP across Karnataka. Condolences to his family and supporters. Om Shanti.",2073,467,2022-10-23 05:26:05+00:00
1,narendramodi,Congratulations @NSIL_India @INSPACeIND @ISRO on the successful launch of our heaviest launch vehicle LVM3 with 36 OneWeb satellites meant for global connectivity. LVM3 exemplifies Atmanirbharta &amp; enhances India’s competitive edge in the global commercial launch service market.,7649,1945,2022-10-23 04:02:43+00:00
2,narendramodi,"अभी जब मैं उत्तराखंड गया तो सीमावर्ती गांव के अपने आदिवासी भाई-बहनों से भी मिला। वहां मुझे एक महिला सरपंच ने विशेष भोजपत्र भेंट किया, जिसमें उकेरी गई उनकी भावनाएं अभिभूत करने वाली हैं। https://t.co/SlPFtEChOW",23220,5007,2022-10-22 15:58:43+00:00
3,narendramodi,देशवासियों की आकांक्षाओं को पूरा करने के साथ ही हमारी सरकार का लक्ष्य यह भी है कि गरीब और मध्यम वर्ग के पैसे बचें। https://t.co/X7vO6bJczx,5717,1925,2022-10-22 15:33:38+00:00
4,narendramodi,पहले की सरकारों और हमारी सरकार में एक बहुत बड़ा फर्क है… https://t.co/ByUAYoplom,7354,2336,2022-10-22 15:33:10+00:00
5,narendramodi,आज टैक्सपेयर्स को इस बात का संतोष है कि उनका पैसा सही जगह खर्च हो रहा है और देश की सेवा में काम आ रहा है। https://t.co/5Ph79QKtm9,6406,2076,2022-10-22 15:32:42+00:00
6,narendramodi,धनतेरस का पावन अवसर आज मध्य प्रदेश के लाखों लोगों के लिए गृहप्रवेश का शुभ मुहूर्त लेकर आया। यह मेरा सौभाग्य है कि उनकी खुशी के इस पल का मैं भी साक्षी बना। https://t.co/wCIPJxREwC,6525,1887,2022-10-22 15:31:24+00:00
7,narendramodi,"Dhanteras also has a close association with health and wellness. In the recent years, India’s traditional medicines and Yoga have drawn global attention. I laud those working in these fields. Sharing my speech at the recent Global Ayush Summit. https://t.co/iHgBFEFr5M",8973,2504,2022-10-22 13:04:56+00:00
8,narendramodi,Greetings on the auspicious occasion of Dhanteras. May the people of our nation be blessed with abundance of good health and prosperity. May the spirit of wealth creation keep blossoming in our society.,28709,5100,2022-10-22 13:04:05+00:00
9,narendramodi,ਮੈਂ ਉਨ੍ਹਾਂ ਦੇ ਪਿਆਰ ਭਰੇ ਸ਼ਬਦਾਂ ਲਈ ਉਨ੍ਹਾਂ ਦਾ ਦਿਲੋਂ ਧੰਨਵਾਦ ਕਰਦਾ ਹਾਂ ਅਤੇ ਸੰਗਤ ਨੂੰ ਭਰੋਸਾ ਦਿਵਾਉਂਦਾ ਹਾਂ ਕਿ ਅਸੀਂ ਗੁਰੂ ਸਾਹਿਬਾਨ ਦੇ ਦਰਸ਼ਨ-ਅਭਿਲਾਸ਼ੀ ਸੰਗਤਾਂ ਦੀ ਇੱਛਾ ਨੂੰ ਪੂਰਾ ਕਰਨ ਲਈ ਨਿਰੰਤਰ ਕਾਰਜ ਕਰਦੇ ਰਹਾਂਗੇ।,2457,706,2022-10-22 12:01:38+00:00
10,narendramodi,ਸ੍ਰੀ ਹੇਮਕੁੰਟ ਸਾਹਿਬ ਰੋਪਵੇਅ ਪ੍ਰਾਜੈਕਟ ਦਾ ਉਦਘਾਟਨ ਕੀਤੇ ਜਾਣ 'ਤੇ ਸਤਿਕਾਰਯੋਗ ਜਥੇਦਾਰ ਸ੍ਰੀ ਅਕਾਲ ਤਖ਼ਤ ਸਾਹਿਬ ਅਤੇ ਸਿੱਖ ਕੌਮ ਦੇ ਸਾਰੇ ਸਤਿਕਾਰਯੋਗ ਮੈਂਬਰਾਂ ਸਮੇਤ ਪ੍ਰਮੁੱਖ ਅਧਿਆਤਮਕ ਸ਼ਖਸੀਅਤਾਂ ਨੇ ਖੁਸ਼ੀ ਦਾ ਪ੍ਰਗਟਾਵਾ ਕੀਤਾ ਹੈ। https://t.co/hbIPH4ARgh,4588,1273,2022-10-22 12:01:37+00:00
11,narendramodi,"Jathedar Sri Akal Takhat Sahib, respected members of the Sikh community including leading spiritual personalities have expressed joy on the Hemkund Sahib Ropeway. I thank them for their kind words and assure the Sangat we will keep working to fulfil the vision of the Guru Sahibs. https://t.co/4tgOOzUAep",5195,1595,2022-10-22 11:43:25+00:00
12,narendramodi,Honoured to join 'Grih Pravesh' and inauguration of houses built under PM Awas Yojana (Gramin) in Madhya Pradesh. https://t.co/IBeV1Ta5O1,8435,2718,2022-10-22 10:46:07+00:00
13,narendramodi,A memorable visit to Devbhoomi Uttarakhand! Watch these highlights from Kedarnath and Badrinath. https://t.co/TOuKEf9adH,25904,6549,2022-10-22 07:22:30+00:00
14,narendramodi,Addressing the Rozgar Mela where appointment letters are being handed over to the newly inducted appointees. https://t.co/LFD3jHYNIn,11101,4085,2022-10-22 06:07:17+00:00
15,narendramodi,Birthday greetings to Shri @AmitShah Ji. As India’s Home Minister he is making numerous efforts for our nation’s progress. He is also doing commendable work in reforming the important cooperatives sector. May he lead a long and healthy life in service of our nation.,52361,8647,2022-10-22 02:00:14+00:00
16,narendramodi,देशवासियों से मेरी एक प्रार्थना… https://t.co/gV2t3f6Bvw,42511,11807,2022-10-21 11:55:34+00:00
17,narendramodi,Thank you for sharing this. Brings backs many memories. The resolve is of course the same! https://t.co/dv9k4OCG1Z,23136,5983,2022-10-21 11:37:59+00:00
18,narendramodi,"Today, on Police Commemoration Day, I applaud the fortitude of our police forces and their monumental contribution in upholding law and order as well as helping people in challenging situations. I also salute those police personnel martyred in the line of duty.",14016,3950,2022-10-21 09:10:19+00:00
19,narendramodi,"भूवैण्ठकृतावासं, देवदेवं जगत्पतिम्।

चतुर्वर्गप्रदातारं, श्रीबद्रीशं नमाम्यहम्।।

Prayed at Badrinath. https://t.co/g8Y39w5K0a",60997,9966,2022-10-21 09:08:45+00:00
20,narendramodi,"Earlier today, I went to the Sri Adi Shankaracharya Samadhi. I also had the opportunity to interact with the Shramjeevis working on the restoration work in Kedarnath. https://t.co/82pMFfM1Jb",32823,7135,2022-10-21 09:06:32+00:00
21,narendramodi,Kedarnath and Badrinath are significant to our ethos and traditions. https://t.co/68IErTo24N,16159,5423,2022-10-21 08:05:20+00:00
22,narendramodi,"महाद्रिपार्श्वे च तटे रमन्तं सम्पूज्यमानं सततं मुनीन्द्रैः।

सुरासुरैर्यक्षमहोरगाद्यै: केदारमीशं शिवमेकमीडे।। https://t.co/E8WC7oLddi",109967,15958,2022-10-21 05:54:16+00:00
23,narendramodi,અમે આદિવાસી સમુદાયના મહાન લોકોની સ્મૃતિને જાળવી રાખવા માટે પ્રતિબદ્ધ છીએ. https://t.co/RLy8lDtxey,10649,3204,2022-10-20 16:05:18+00:00
24,narendramodi,"અમે લોકો વર્ષોથી, મારા આદિવાસી ભાઈઓ અને બહેનોનું પોતાનું પાકું ઘર બને, ઘરમાં 24 કલાક વીજળી તથા ગેસ કનેક્શન હોય, ઘરમાં શૌચાલય હોય તથા ઘર સુધી જવાનો પાકો રસ્તો હોય, ઘરની નજીક મેડિકલ સેન્ટર તથા શાળા હોય, ઘરની આસપાસ આજીવિકાનું સાધન હોય તે માટે કામ કરી રહ્યા છે. https://t.co/lfcr3HdV08",6803,2512,2022-10-20 16:04:45+00:00
25,narendramodi,"આદિવાસી ભાઈઓ અને બહેનોના કલ્યાણ માટે અમે મહેનત કરી રહ્યા છે.

પણ જુના દિવસો યાદ કરો...કોંગ્રેસની સરકારે આદિવાસીઓના ઉજ્જવળ ભવિષ્યની ક્યારેય ચિંતા નથી કરી. કોંગ્રેસના લોકો આદિવાસી પરંપરાની પણ મજાક ઉઠાવે છે. 

અમે ઇચ્છીએ છે કે આદિવાસી સમાજ શક્તિશાળી બને. https://t.co/CkO1yiVwQW",6751,2542,2022-10-20 16:04:17+00:00
26,narendramodi,"From Vyara, various projects are being launched, which will further Gujarat's growth trajectory. https://t.co/bPtEkZtE6P",12087,4059,2022-10-20 10:48:05+00:00
27,narendramodi,Sharing highlights from the programmes yesterday in various parts of Gujarat! https://t.co/KOUVSd0n1c,11613,4279,2022-10-20 09:13:14+00:00
28,narendramodi,"We are honoured by the presence of @UN Secretary General, Mr. @antonioguterres for the launch of Mission LiFE. Had a wonderful meeting with him in Kevadia. https://t.co/2LYqyFNBNj",26679,5718,2022-10-20 09:12:46+00:00
29,narendramodi,प्रगति भी और प्रकृति भी… https://t.co/gadp0KLE9z,21542,5867,2022-10-20 09:09:12+00:00
30,narendramodi,"A glimpse of India’s efforts in water conservation, waste to wealth, renewable energy and more… https://t.co/zubGoVR9Y8",8793,3478,2022-10-20 09:08:16+00:00
31,narendramodi,Time to reignite Mahatma Gandhi’s principle of trusteeship. https://t.co/TIZ2bmmNft,8910,3403,2022-10-20 09:07:46+00:00
32,narendramodi,"The iconic ‘Statue of Unity’ is the ideal place to launch Mission LiFE, an endeavour aimed at building synergy for a sustainable planet. https://t.co/BBSQVkzzEA",7757,3064,2022-10-20 09:07:26+00:00
33,narendramodi,Mission LiFE is a global movement to safeguard our environment from impact of climate change. https://t.co/aW6Vr556TA,11487,3994,2022-10-20 06:23:56+00:00
34,narendramodi,Glimpses from Rajkot…unimaginable enthusiasm! https://t.co/t71KoYau6b,27018,5599,2022-10-19 16:05:07+00:00
35,narendramodi,કચ્છ-કાઠિયાવાડ રાષ્ટ્રભક્તોની ધરતી છે. તેઓ કેટલાક લોકોની ગુજરાત વિરોધી માનસિકતાને ક્યારેય માફ કરશે નહી. https://t.co/qEzf3Yo0UD,7698,3147,2022-10-19 14:50:23+00:00
36,narendramodi,"આજે ગુજરાતનો વિકાસ દરેક ક્ષેત્રમાં તેજ ગતિથી વધી રહ્યો છે પણ જુના દિવસો યાદ કરો શું પરિસ્થિતી હતી….

 પાછલા 20 વર્ષમાં ઉત્તમ કામ થયુ છે જેનાથી લોકોનું જીવનધોરણ બદલાયું છે. https://t.co/3w9zcU9rB8",6684,2939,2022-10-19 14:50:15+00:00
37,narendramodi,मुझे विश्वास है कि 21वीं सदी में Science and Technology से जुड़े अधिकांश Innovation और Invention भारत में ही होंगे। इसमें भी गुजरात के पास बहुत बड़ा अवसर है। https://t.co/AHO9GcaGSy,9379,3826,2022-10-19 14:49:49+00:00
38,narendramodi,"बीते दो दशकों में गुजरात में शिक्षा के क्षेत्र में जो परिवर्तन आया है, वो अभूतपूर्व है। इस दौरान राज्य के लोगों ने शिक्षा-व्यवस्था का कायाकल्प करके दिखाया है। https://t.co/CSJdo0TVF8",8320,3555,2022-10-19 14:49:36+00:00
39,narendramodi,Some glimpses from the memorable interaction with our youth while launching the Mission Schools of Excellence. https://t.co/92p8ICcvNb,25033,5397,2022-10-19 14:49:13+00:00
40,narendramodi,Today is a landmark day for the education sector. The Mission Schools of Excellence will have a transformative impact in the lives of our Yuva Shakti. https://t.co/HjbdSnsqcu,10838,4086,2022-10-19 14:45:58+00:00
41,narendramodi,Great to be in the vibrant city of Rajkot! Addressing a programme at launch of various projects. https://t.co/QuTNcm8XWZ,10344,3800,2022-10-19 13:43:47+00:00
42,narendramodi,My best wishes to Shri Mallikarjun Kharge Ji for his new responsibility as President of @INCIndia. May he have a fruitful tenure ahead. @kharge,72497,7605,2022-10-19 12:03:29+00:00
43,narendramodi,"8 years ago, India was known as a defence importer. Today, our strides in defence manufacturing are widely known. https://t.co/8IQWNelJrY",13496,4510,2022-10-19 11:41:19+00:00
44,narendramodi,The airfield in Deesa will be a big boost for our security apparatus. https://t.co/XMxDNFtZnT,9675,3178,2022-10-19 11:41:06+00:00
45,narendramodi,This year’s DefExpo is being held at a time when there is great global curiosity towards India. https://t.co/8r8pPZjwCr,6987,2738,2022-10-19 11:40:41+00:00
46,narendramodi,DefExpo 2022 is special for this reason… https://t.co/h6HxcrXu0S,8027,2936,2022-10-19 11:40:26+00:00
47,narendramodi,Glad to be in Junagadh. Foundation stone of various projects are being laid which will greatly benefit the citizens. https://t.co/vZ8kPLnz4J,10653,3582,2022-10-19 10:38:40+00:00
48,narendramodi,Mission Schools of Excellence will help scale up education infrastructure in Gujarat. https://t.co/lHhlzttZwo,11586,3916,2022-10-19 07:20:14+00:00
49,narendramodi,"Addressing Defence Expo 2022 being held in Gandhinagar, Gujarat. https://t.co/YFaSC2xLKK",12776,4545,2022-10-19 04:55:01+00:00
50,narendramodi,Congratulations to H. E. Mr. Ulf Kristersson on his election as the next Prime Minister of Sweden. I look forward to working closely together to further strengthen our multi-faceted partnership. @SwedishPM,18123,3662,2022-10-19 02:32:24+00:00
51,narendramodi,Bringing Lothal and India’s rich maritime history back to life… https://t.co/2k8rycWWMD,18970,5913,2022-10-18 13:27:28+00:00
52,narendramodi,"राष्ट्र के विकास में हमारे किसान भाई-बहन अहम भागीदार हैं। उन्हें और सशक्त बनाने के लिए सरकार ने आज गेहूं, मसूर, चना और जौ सहित सभी अनिवार्य रबी फसलों की एमएसपी में वृद्धि को मंजूरी दी है। ये निर्णय कृषि क्षेत्र को और अधिक ऊर्जावान बनाएगा।
https://t.co/eEV6gvFsPx",18567,5092,2022-10-18 13:24:30+00:00
53,narendramodi,National Maritime Heritage Complex at Lothal is our resolve to celebrate India's rich maritime history. https://t.co/iIbHS8Z6EB,11471,4155,2022-10-18 11:55:57+00:00
54,narendramodi,This is a great effort to deepen our connect with our rich maritime history. I would urge all those passionate about history and maritime studies to join the programme at 5 PM this evening. https://t.co/daSYmz1Fnx,13192,4124,2022-10-18 11:00:31+00:00
55,narendramodi,Addressing the INTERPOL General Assembly in New Delhi. https://t.co/JrbpZ9hLq6,15672,5045,2022-10-18 09:00:32+00:00
56,narendramodi,कृषि क्षेत्र में आत्मनिर्भरता के लिए एक बड़ी चुनौती का जिक्र मैं अपने किसान साथियों और इनोवेटर्स से जरूर करना चाहूंगा… https://t.co/i001iA9BtF,15989,4656,2022-10-17 15:53:31+00:00
57,narendramodi,"आधुनिक टेक्नोलॉजी के उपयोग से छोटे किसानों को कैसे लाभ होता है, इसका एक बड़ा उदाहरण पीएम किसान सम्मान निधि भी है। https://t.co/DuA61XxDq0",18747,4833,2022-10-17 15:53:14+00:00
58,narendramodi,"फर्टिलाइजर सेक्टर में बदलाव के हमारे अब तक के प्रयासों में आज से दो और प्रमुख Reforms जुड़े हैं:
 
1. प्रधानमंत्री किसान समृद्धि केंद्रों को विकसित करने का अभियान 

2. देशभर में सिर्फ ‘भारत ब्रांड’ से यूरिया की बिक्री https://t.co/x2fmzkij9G",9654,3503,2022-10-17 15:52:42+00:00
59,narendramodi,The plight of the fertiliser sector before 2014 is widely known. Equally well known is the monumental change that has taken place since 2014. https://t.co/mSiWN9MlCh,9910,3285,2022-10-17 15:52:24+00:00
60,narendramodi,PMJAY-MA Yojana Ayushman cards will ensure top quality and affordable medical care. https://t.co/Ak5bFjm57T,15770,5160,2022-10-17 11:15:40+00:00
61,narendramodi,Historic day for farmer welfare. Launching initiatives for fulfilling the aspirations of our 'Annadatas'. https://t.co/XSfZ1okHUW,17847,6052,2022-10-17 07:09:46+00:00
62,narendramodi,Birthday wishes to Punjab CM Shri @BhagwantMann Ji. May he be blessed with a long and healthy life.,35006,3567,2022-10-17 02:20:40+00:00
63,narendramodi,हमारी सरकार अन्नदाताओं के जीवन को आसान बनाने के लिए प्रतिबद्ध है। इसी कड़ी में कल सुबह 11:30 बजे दिल्ली में किसान सम्मान सम्मेलन का उद्घाटन करने के साथ ही पीएम-किसान की 12वीं किस्त भी जारी करूंगा। इस अवसर पर कई और योजनाओं को शुरू करने का भी सौभाग्य मिलेगा।https://t.co/qrkME13nSa,22763,5710,2022-10-16 16:49:06+00:00
64,narendramodi,"वित्तीय भागीदारी जब डिजिटल भागीदारी से जुड़ जाती है, तो संभावनाओं का एक नया संसार खुलने लगता है। https://t.co/CqUbBjiJnQ",12292,3961,2022-10-16 12:43:26+00:00
65,narendramodi,हमारा संकल्प है… https://t.co/uxW40a4bH7,17385,4832,2022-10-16 12:43:12+00:00
66,narendramodi,Two ways through which we empowered India’s poor as far as financial inclusion is concerned. https://t.co/xL8ZP1ftzI,9537,3337,2022-10-16 12:42:49+00:00
67,narendramodi,"मेडिकल शिक्षा के क्षेत्र में हुआ यह शुभारंभ देश में एक बड़ा सकारात्मक बदलाव लाने वाला है। इससे लाखों विद्यार्थी जहां अपनी भाषा में पढ़ाई कर सकेंगे, वहीं उनके लिए अवसरों के भी अनेक द्वार खुलेंगे। https://t.co/kuD9CErsPu",24836,6319,2022-10-16 12:40:03+00:00
68,narendramodi,The 75 Digital Banking Units will further financial inclusion &amp; enhance banking experience for citizens. https://t.co/gL4lEE6b7d,14399,4742,2022-10-16 05:51:02+00:00
69,narendramodi,"Financial inclusion and technology are essential for progress. At 11 AM today, 75 Digital Banking Units (DBUs) will be dedicated to the nation. This initiative will have several benefits which will go a long way in transforming lives. https://t.co/U2zz7rGpE1",11921,3152,2022-10-16 04:06:11+00:00
70,narendramodi,Birthday wishes to Odisha CM Shri Naveen Patnaik Ji. May he lead a long and healthy life in service of the people. @Naveen_Odisha,36877,4255,2022-10-16 03:23:44+00:00
71,narendramodi,"Chaired the @CSIR_IND meeting earlier today. Emphasised on ways to improve the research eco-system in India, address the needs of sectors like agriculture and energy, and ensuring our innovations help the common citizens. https://t.co/flbuXWQSjt",9406,2645,2022-10-15 16:09:47+00:00
72,narendramodi,"I’ve been fortunate to have interacted closely with Dr. Kalam over the years. I have witnessed at close quarters his brilliance, humility and passion towards India’s progress. https://t.co/8a0k6V4mci",16673,3801,2022-10-15 16:08:36+00:00
73,narendramodi,Commendable effort. https://t.co/niXVc9Fpiu,25286,4432,2022-10-15 16:07:15+00:00
74,narendramodi,Our women cricket team makes us proud with their grit and dexterity! Congratulations to the team for winning the Women’s Asia Cup. They have shown outstanding skill and teamwork. Best wishes to the players for their upcoming endeavours. https://t.co/6hq5V08Cy9,65387,9927,2022-10-15 11:05:06+00:00
75,narendramodi,Addressing the inaugural session of All India Conference of Law Ministers and Secretaries. https://t.co/sWk3fhHIIm,14671,5089,2022-10-15 05:06:18+00:00
76,narendramodi,Birthday wishes to Union Minister Dr. Mahendra Nath Pandey Ji. He is working hard to strengthen the heavy industries sector which plays a key role in furthering economic growth. Praying for his long and healthy life. @DrMNPandeyMP,16438,3279,2022-10-15 03:40:30+00:00
77,narendramodi,Tributes to our former President Dr. APJ Abdul Kalam. He is greatly admired for his contribution to our nation as a scientist and as a President who struck a chord with every section of society. https://t.co/vPwICWxA3u,45164,9383,2022-10-15 03:38:49+00:00
78,narendramodi,The last 8 years have witnessed continuous efforts to deepen connectivity in the Northeast. This will particularly help the youth in the region. https://t.co/ZCuL49ZHV2,10703,3338,2022-10-14 16:03:08+00:00
79,narendramodi,Happy to see this. Smriti Van is a tribute to those we tragically lost in the Earthquake of 2001. It also chronicles Gujarat’s resilience. The coming months will be a great time to visit Kutch. There’s the Rann Utsav and now there’s Smriti Van also. https://t.co/545MCxy8k6,9257,2936,2022-10-14 16:02:40+00:00
80,narendramodi,"At 10:30 AM tomorrow, 15th October, will address the All India Conference of Law Ministers and Law Secretaries. This forum will witness deliberations on various subjects relating to the Indian legal apparatus.",38469,6661,2022-10-14 15:52:08+00:00
81,narendramodi,"The 2022 National Games will also be remembered for the focus on sustainability including furthering awareness on recycling, reducing plastic waste and enhancing cleanliness. I would also like to laud the people and Government of Gujarat for their hospitality through the Games.",6248,2302,2022-10-13 15:02:29+00:00
82,narendramodi,This year's National Games were special for various reasons. The sporting infra was widely appreciated by the athletes. The widespread participation in traditional sports was also among the highlights.,7987,2507,2022-10-13 15:02:28+00:00
83,narendramodi,The National Games 2022 concluded yesterday. I salute every athlete who took part and enhanced the spirit of sportsmanship. Congratulations to all those who won medals in the games. Proud of their accomplishments. My best wishes to all athletes for their future endeavours. https://t.co/QQL0xE8u1N,20438,4787,2022-10-13 15:02:27+00:00
84,narendramodi,Thank you Himachal Pradesh. The affection of people is humbling and gives me more strength to work in their service. https://t.co/X3OtezXi5x,20649,4967,2022-10-13 14:57:10+00:00
85,narendramodi,The Vande Bharat train flagged off earlier today will improve connectivity and give an opportunity for many more people to explore the natural beauty and spirituality of Himachal Pradesh. https://t.co/GZnqjmLEka,44456,7247,2022-10-13 14:56:32+00:00
86,narendramodi,"अब हिमाचल वाले हक नहीं मांगते, दिल्ली में हक जताते हैं और हमें आदेश देते हैं। जनता-जनार्दन के इस आदेश को मैं अपना सौभाग्य समझता हूं। https://t.co/V2Kd8vNnYB",20968,5477,2022-10-13 11:20:20+00:00
87,narendramodi,"हिमाचल के सैकड़ों गांव पहली बार सड़कों से जुड़े हैं। आज शुरू हुई योजना से भी 3 हजार किलोमीटर की सड़कें गांवों में बनेंगी, जिसका सबसे अधिक लाभ चंबा और दूसरे जनजातीय क्षेत्रों के गांवों को होगा। https://t.co/2sAwCL8UGx",12093,4275,2022-10-13 11:19:47+00:00
88,narendramodi,"मां वैष्णो देवी के दर्शन के लिए पहले ही वंदे भारत एक्सप्रेस की सुविधा थी, अब नैनादेवी, चिंतपूर्णी, ज्‍वालादेवी, कांगड़ादेवी जैसे शक्‍तिपीठों के साथ-साथ आनंदपुर साहिब जाना भी आसान होगा। https://t.co/bz01sYZ2iO",13560,4579,2022-10-13 11:19:17+00:00
89,narendramodi,"आज जहां हिमाचल में ड्रोन से जरूरी सामान को दुर्गम क्षेत्रों में पहुंचाया जा रहा है, वहीं वंदे भारत जैसी ट्रेनें भी चलाई जा रही हैं। हम सिर्फ 20वीं सदी की जरूरतें ही पूरी नहीं कर रहे, बल्कि 21वीं सदी की आधुनिक सुविधाएं भी घर-घर ले जा रहे हैं। https://t.co/uPCsLx9OJa",9188,3686,2022-10-13 11:18:57+00:00
90,narendramodi,Delighted to be in Chamba. Numerous initiatives are being launched here which will further Himachal Pradesh's growth. https://t.co/PLixerpOtU,14303,4715,2022-10-13 07:59:05+00:00
91,narendramodi,"In Una, launching projects related to pharma, education &amp; railways. These will have positive impact on the region's progress. https://t.co/NafVwqSLJt",14951,4813,2022-10-13 05:14:21+00:00
92,narendramodi,"In Chamba, the Pradhan Mantri Gram Sadak Yojana-III in Himachal Pradesh would be launched. This will augment the roads network across the state. Tourism and economic activities will also pick up due to this. The foundation stone for two hydropower projects will also be laid.",6671,2395,2022-10-12 15:09:01+00:00
93,narendramodi,"You would be glad to know that the Vande Bharat Express would be flagged off. IIIT, Una will also be dedicated to the nation. The foundation stone of a Bulk Drug Park will be laid. These works will give wings to people's aspirations.",9413,2810,2022-10-12 15:09:00+00:00
94,narendramodi,"I will be among the people of Himachal Pradesh tomorrow, 13th October. Looking forward to the programmes in Una and Chamba where many development works will be inaugurated which are aimed at further increasing the pace of progress in the state. https://t.co/HBV8Ltppcl",16406,4002,2022-10-12 15:09:00+00:00
95,narendramodi,हजारों वर्षों से भारतीय कालगणना का केंद्र बिन्दु रहा उज्जैन आज एक बार फिर भारत की भव्यता के एक नए कालखंड का उद्घोष कर रहा है। #ShriMahakalLok https://t.co/ACTHGIfAs7,59620,12488,2022-10-12 14:10:11+00:00
96,narendramodi,Superb! Talent and teamwork on full display. Manipur’s football love is widely known.  More power to these players. ⚽ https://t.co/1DhbBh9k5O,22138,3890,2022-10-12 14:09:54+00:00
97,narendramodi,"An important Cabinet decision, which will drive India's efforts of port-led development and becoming a hub for trade. This decision will also benefit many states which do not have access to the coastline. 

https://t.co/M3NpnkpKCC https://t.co/w6iL20v0Sg",6668,2423,2022-10-12 14:09:01+00:00
98,narendramodi,"This Cabinet decision will add impetus to the growth trajectory of the Northeast and provide numerous opportunities for youngsters there. 

https://t.co/KjxV8uOo1s https://t.co/AoUoJlbGzY",5704,2144,2022-10-12 14:08:25+00:00
99,narendramodi,"On her birth anniversary, tributes to Rajmata Vijaya Raje Scindia Ji. She was synonymous with courage and foresight. She devoted her life to serving others. Sharing what I had said during one of the previous #MannKiBaat programmes about her outstanding personality. https://t.co/HTDBGxkSuw",20864,5133,2022-10-12 03:17:04+00:00
100,narendramodi,"In addition to the Shree Mahakaleshwar Temple, the #ShriMahakalLok is yet another reason why you all must visit Ujjain! https://t.co/rCPupmwl1o",54805,10712,2022-10-11 15:52:22+00:00
101,narendramodi,Blessed to have got the opportunity to dedicate #ShriMahakalLok to the nation. This is an important endeavour which will deepen the connect of our citizens with our rich history and glorious culture. https://t.co/zO99Uebn9U,30758,7419,2022-10-11 15:50:44+00:00
102,narendramodi,"अवन्तिकायां विहितावतारं, मुक्ति प्रदानाय च सज्जनानाम्।

अकालमृत्योः परिरक्षणार्थं, वन्दे महाकाल महासुरेशम्।।

जय महाकाल।। https://t.co/LUoLKfYe1p",82969,16039,2022-10-11 15:09:48+00:00
103,narendramodi,A memorable day as Shri Mahakal Lok is being inaugurated. This will add to Ujjain's vibrancy. https://t.co/KpHLKAILeP,20439,6636,2022-10-11 14:28:28+00:00
104,narendramodi,Reached Ujjain for the memorable #ShriMahakalLok programme. Here are the highlights from an extensive Gujarat visit covering various programmes. https://t.co/8Gbql6dTHY,34654,8463,2022-10-11 12:17:47+00:00
105,narendramodi,Here is how Gujarat’s healthcare sector changed in the last 20 years. https://t.co/EFzRGpBlcm,10346,3347,2022-10-11 11:51:22+00:00
106,narendramodi,"My doctor friends tell me that in order to cure a patient they need to focus on surgery, medicines and care. We adopted the same methods for Gujarat’s healthcare system. https://t.co/CiJsnld1Bx",8946,3058,2022-10-11 11:51:02+00:00
107,narendramodi,I’m not a medical doctor but I have had to focus on eliminating many diseases in administration which slowed the pace of development. https://t.co/igECbYqQKv,17356,4293,2022-10-11 11:50:20+00:00
108,narendramodi,Best wishes to all teams taking part in the #U17WWC starting today. India is proud to be hosting this tournament. I am confident the tournament will witness a celebration of football and the teams will also get a glimpse of India’s hospitality. ⚽️ https://t.co/EVQkvLyNZm,11173,3049,2022-10-11 10:32:07+00:00
109,narendramodi,Healthcare initiatives being launched in Ahmedabad will significantly benefit the citizens. https://t.co/J9a3vOaL4j,10692,3580,2022-10-11 09:44:44+00:00
110,narendramodi,ગુજરાત શિક્ષણનું કેન્દ્ર બન્યું છે. રાજ્યભરમાં ઘણી યુનિવર્સિટીઓની સ્થાપના થઈ છે. મેડિકલ અને કોમ્પ્યુટર સહિત ઈજનેરી વિધાશાખામાં બેઠકો વધી છે. આનાથી રાજ્યના યુવાનોને ફાયદો થઈ રહ્યો છે. https://t.co/1iClm4PrKr,7799,2722,2022-10-11 09:01:12+00:00
111,narendramodi,આધુનિક મલ્ટી મોડલ ઇન્ફ્રાસ્ટ્રકચર ગુજરાતને ખૂબ મદદ કરી રહ્યું છે... https://t.co/QceOVOkRdX,9643,2902,2022-10-11 09:00:28+00:00
112,narendramodi,"In line with the ideals of Loknayak JP and Nanaji Deshmukh, we are focusing on a corruption free society but naturally, some vested interest groups are rattled by this… https://t.co/961o9dSgu3",9461,2843,2022-10-11 09:00:05+00:00
113,narendramodi,જામકંડોરણામાં જન સેલાબ. આજની @BJP4Gujaratની રેલીમાં જોડાનારા તમામ લોકો પ્રત્યે આભારની લાગણી વ્યક્ત કરું છું. https://t.co/LrA8CLc1hK,15992,3629,2022-10-11 08:59:18+00:00
114,narendramodi,Being in Jamkandorana is always special. Addressing a massive public meeting. https://t.co/BodBxNK7HC,9961,3530,2022-10-11 06:25:46+00:00
115,narendramodi,My remarks at the UN World Geospatial International Congress. https://t.co/d0WyJWlJBP,5772,3713,2022-10-11 04:59:29+00:00
116,narendramodi,"Great sign. Our focus is to further improve connectivity across India, which is important for ‘Ease of Living’ and economic progress. https://t.co/HiNEn0ozXq",7528,2608,2022-10-11 02:54:17+00:00
117,narendramodi,आस्था-अध्यात्म की पावन नगरी उज्जैन एक ऐतिहासिक क्षण का साक्षी बनने जा रही है। आज शाम यहां भव्य और दिव्य #ShriMahakalLok को राष्ट्र को समर्पित करने का सौभाग्य प्राप्त होगा। हर-हर महादेव! https://t.co/gqCfzuxEM5,23838,6959,2022-10-11 02:53:02+00:00
118,narendramodi,A very happy 80th birthday to Amitabh Bachchan Ji. He is one of India’s most remarkable film personalities who has enthralled and entertained audiences across generations. May he lead a long and healthy life. @SrBachchan,66182,6479,2022-10-11 02:52:18+00:00
119,narendramodi,I bow to Sri Guru Ram Das Ji on the auspicious occasion of his Parkash Purab. He has made an indelible contribution to Sikh history and culture with an emphasis on service and compassion. He was also an outstanding poet and his works reflected a pure spirit of devotion.,9842,2708,2022-10-11 02:50:27+00:00
120,narendramodi,ਸਿੱਖ ਇਤਿਹਾਸ ਦੇ ਉੱਤਮ ਕਵੀ ਚੌਥੇ ਸਤਿਗੁਰੂ ਜੀ ਦੀਆਂ ਰਚਨਾਵਾਂ ਵਿੱਚ ਸ਼ਰਧਾ ਦੀ ਸ਼ੁੱਧ ਤੇ ਪਵਿੱਤਰ ਭਾਵਨਾ ਝਲਕਦੀ ਹੈ।,3271,865,2022-10-11 02:48:57+00:00
121,narendramodi,"ਸੋਢੀ ਪਾਤਸ਼ਾਹ, ਧੰਨ ਧੰਨ ਸ੍ਰੀ ਗੁਰੂ ਰਾਮਦਾਸ ਜੀ ਦੇ ਪ੍ਰਕਾਸ਼ ਪੁਰਬ ਮੌਕੇ ਮੈਂ ਉਨ੍ਹਾਂ ਦੇ ਚਰਨਾਂ 'ਚ ਸੀਸ ਝੁਕਾ ਕੇ ਸਿਜਦਾ ਕਰਦਾ ਹਾਂ।  ਗੁਰੂ ਸਾਹਿਬ ਜੀ ਨੇ ਸੇਵਾ, ਨਿਮਰਤਾ ਤੇ ਦਇਆ 'ਤੇ ਜ਼ੋਰ ਦਿੱਤਾ ਅਤੇ ਸਿੱਖ ਇਤਿਹਾਸ ਤੇ ਸੱਭਿਆਚਾਰ ਨੂੰ ਪ੍ਰਫੁੱਲਿਤ ਕਰਨ ਲਈ ਅਮਿੱਟ ਯੋਗਦਾਨ ਪਾਇਆ।",6367,1521,2022-10-11 02:48:56+00:00
122,narendramodi,Tributes to Loknayak JP on his birth anniversary. His contribution to India is unparalleled. He inspired lakhs of people to devote themselves to nation building. He will always be remembered as a torchbearer of democratic ideals. https://t.co/0XMLCv7Ceo,6623,2690,2022-10-11 02:46:32+00:00
123,narendramodi,Remembering Bharat Ratna Nanaji Deshmukh on his birth anniversary. His rich understanding of rural India and agriculture is reflected in his works. He was also an outstanding thinker. https://t.co/b7z4mhfXOH,7213,2829,2022-10-11 02:45:56+00:00
124,narendramodi,"Earlier today in Ahmedabad, inaugurated the first phase of the Modi Shaikshanik Sankul. https://t.co/K2bUy2ywcP",13395,3104,2022-10-10 17:10:12+00:00
125,narendramodi,તમારા જેવા સવા સો કરોડ દેશવાસીઓના અસીમ પ્રેમથી જ દેશસેવામાં કાર્યરત છું… આભાર! https://t.co/ADVX6rNShr,8473,2352,2022-10-10 16:46:11+00:00
126,narendramodi,"Bharuch, Anand, Ahmedabad and Jamnagar…been an eventful day with multiple programmes aimed at furthering Gujarat’s development trajectory. Thankful for the immense affection. Here are the highlights… https://t.co/54JJcLRDm5",14344,4186,2022-10-10 16:33:35+00:00
127,narendramodi,Overwhelming affection on the streets of Jamnagar! Happy to see our Nari Shakti and Yuva Shakti join in large numbers. https://t.co/QBm4TY5Elj,10164,3001,2022-10-10 16:25:28+00:00
128,narendramodi,"આજના 20 થી 25 વર્ષની વયજુથ વચ્ચેના યુવાનોએ એવા કપરા દિવસો જોયા નથી જ્યારે વિકાસના અનેક પડકારો હતા અને કોઈ ઉકેલની સંભાવના દેખાતી નહોતી.

આજે ગુજરાત પ્રગતિના પંથે આગળ વધી રહ્યું છે. https://t.co/0PDfSjBwau",4516,1668,2022-10-10 16:18:39+00:00
129,narendramodi,ડબલ એન્જિન સરકાર હંમેશાં આર્થિક વિકાસને વેગ આપશે અને સમૃદ્ધિમાં વધારો કરશે. https://t.co/VuCMyboI0Z,4689,1684,2022-10-10 16:18:05+00:00
130,narendramodi,અમારી સરકાર હંમેશાં ગરીબોની સાથે  રહે છે. https://t.co/DLpw5jlup4,8902,2340,2022-10-10 16:05:43+00:00
131,narendramodi,જામનગરની જનતાને મારી ખાસ વિનંતી…… https://t.co/ZtoVUSmsz9,5987,1938,2022-10-10 16:05:02+00:00
132,narendramodi,Development works being launched in Jamnagar will significantly improve 'Ease of Living' for the people. https://t.co/3GrNAbDMIe,11347,3578,2022-10-10 13:18:42+00:00
133,narendramodi,મને પરિશ્રમી @BJP4Gujarat ના  કાર્યકર્તાઓમાં સંપૂર્ણ વિશ્વાસ છે. https://t.co/aCHuyap4sL,9072,3007,2022-10-10 11:01:02+00:00
134,narendramodi,21મી સદીમાં ગુજરાતની ઓળખ….. https://t.co/EqIOqWYs0H,7742,2542,2022-10-10 11:00:27+00:00
135,narendramodi,ગુજરાતમાં ભાજપ એટલે….. https://t.co/l23I6YczzI,17360,3945,2022-10-10 11:00:05+00:00
136,narendramodi,"Addressed a massive @BJP4Gujarat rally in Anand, a land closely associated with Sardar Patel. The bond between Gujarat and BJP is everlasting. The people of Gujarat have seen our work for many years and have seen how the state has been transformed in every sector. https://t.co/WUTN7k2wKx",12606,3471,2022-10-10 10:57:18+00:00
137,narendramodi,"When I was CM, the threat of Maoism was looming large over Gujarat. But, the people of Gujarat did not get swayed and they preferred the path of development. The results are for everyone to see. https://t.co/xDMDEPhHFX",11338,3419,2022-10-10 10:47:27+00:00
138,narendramodi,અંબાજી થી ઉમરગામ સુધીના પટ્ટાનો છેલ્લા બે વર્ષમાં અભૂતપૂર્વ વિકાસ થયો છે. https://t.co/2YirqWUQqv,7329,2384,2022-10-10 10:47:01+00:00
139,narendramodi,भरूच की सभा में आदरणीय मुलायम सिंह यादव जी को मेरी भावभीनी श्रद्धांजलि… https://t.co/jRo1VTYQJd,29012,5146,2022-10-10 10:46:28+00:00
140,narendramodi,"Sharing glimpses from the public meeting in Bharuch. Over 2 decades ago, Bharuch faced monumental challenges including poor law and order, lack of adequate power and water supply, migration to other places. Things are different now and there is great prosperity in the district. https://t.co/xg7TlRO5j6",11401,3021,2022-10-10 10:45:52+00:00
141,narendramodi,Speaking at inauguration of Modi Shaikshanik Sankul. https://t.co/TpVk26y7pd,9573,3187,2022-10-10 10:19:09+00:00
142,narendramodi,Great energy in Anand. Addressing a huge rally. https://t.co/hD3aJHK6mY,14926,4215,2022-10-10 08:06:12+00:00
143,narendramodi,Gratitude to the people of Amod for their welcome. Speaking at launch of various development works. https://t.co/TiaNR1x2L7,11340,3790,2022-10-10 06:12:17+00:00
144,narendramodi,I had many interactions with Mulayam Singh Yadav Ji when we served as Chief Ministers of our respective states. The close association continued and I always looked forward to hearing his views. His demise pains me. Condolences to his family and lakhs of supporters. Om Shanti. https://t.co/eWbJYoNfzU,49034,7846,2022-10-10 04:34:17+00:00
145,narendramodi,"Mulayam Singh Yadav Ji distinguished himself in UP and national politics. He was a key soldier for democracy during the Emergency. As Defence Minister, he worked for a stronger India. His Parliamentary interventions were insightful and emphasised on furthering national interest. https://t.co/QKGfFfimr8",46100,6533,2022-10-10 04:32:20+00:00
146,narendramodi,Shri Mulayam Singh Yadav Ji was a remarkable personality. He was widely admired as a humble and grounded leader who was sensitive to people’s problems. He served people diligently and devoted his life towards popularising the ideals of Loknayak JP and Dr. Lohia. https://t.co/kFtDHP40q9,90154,10511,2022-10-10 04:31:17+00:00
147,narendramodi,I’m happy to see this. I also saw you’ve done a thread on your visit. Good way to popularise India’s historical and tourist places. https://t.co/bnkaeyRFKe,13134,2997,2022-10-10 03:17:39+00:00
148,narendramodi,I can imagine your happiness. Modhera has scripted history. https://t.co/EqB35txDbI,8539,2077,2022-10-10 03:14:38+00:00
149,narendramodi,"Saddened by the passing away of Dr. Temsüla Ao, who played a pivotal role in popularising the wonderful Naga culture through her literary works. Her efforts in the fields of education and culture were noteworthy. Condolences to her family and friends. May her soul rest in peace.",28102,4211,2022-10-10 03:14:00+00:00
150,narendramodi,"ॐ मित्राय नमः

ॐ रवये नमः

ॐ सूर्याय नमः

ॐ भानवे नमः https://t.co/nS71ym3WSf",35707,8352,2022-10-09 17:04:02+00:00
151,narendramodi,I’d urge you all to visit the Sun Temple at Modhera. It will leave a lasting impact on your mind. The beauty of this place has to be seen to be believed. Earlier this evening inaugurated facilities that will enhance the experience for tourists. https://t.co/QzWJxKA8NT,48795,8719,2022-10-09 16:49:07+00:00
152,narendramodi,આજે મોઢેશ્વરી માતાના મંદિરે પ્રાર્થના કરતી વેળાએ….. https://t.co/904v74O8sd,27634,4233,2022-10-09 16:43:59+00:00
153,narendramodi,ગુજરાતનું ધ્યાન વિકાસના પંચામૃત પર કેન્દ્રિત છે…. https://t.co/BaiAEhBTIs,11517,2755,2022-10-09 16:22:37+00:00
154,narendramodi,આજે શરૂ કરાયેલા વિકાસ કાર્યોથી આ વિસ્તારમાં પ્રવાસન પ્રવૃત્તિને વેગ મળશે જેનાથી સ્થાનિક અર્થતંત્રને ફાયદો થશે. https://t.co/PXHATb9fHo,6858,2054,2022-10-09 16:22:27+00:00
155,narendramodi,"દાયકાઓ પહેલા મહેસાણાની શું હાલત હતી તે આપણે સૌ જાણીએ છીએ. વીજળી અને પાણીની કટોકટી હતી. કાયદો અને વ્યવસ્થાની સ્થિતિ પણ ખરાબ હતી. સારી તકની શોધમાં લોકો આ વિસ્તાર છોડી સ્થળાંતર કરતા.

છેલ્લા બે દાયકામાં પરિસ્થિતિ  બદલાઈ ગઈ છે! https://t.co/yCXkJHFXUx",6030,1883,2022-10-09 16:21:55+00:00
156,narendramodi,આજે મહેસાણા જિલ્લામાં જાહેરસભાને સંબોધી. આજથી શરૂ કરવામાં આવેલ  વિકાસ કાર્યોથી અનેક નાગરિકોને ફાયદો થશે. મોટી સંખ્યામાં આશીર્વાદ આપવા પધારેલ જનતા જનાર્દનનો હું આભાર માનું છું. https://t.co/BANCTM7rNq,11342,2570,2022-10-09 16:14:36+00:00
157,narendramodi,Big day for Modhera as it takes a giant leap towards harnessing solar power. https://t.co/2GCyM5vAzd,15653,4488,2022-10-09 11:54:03+00:00
158,narendramodi,"Looking forward to being in Modhera today. Modhera, which is associated with the Sun Temple will also be known for its strides in solar energy. https://t.co/pyqdRb2ARO",14689,3833,2022-10-09 08:00:12+00:00
159,narendramodi,"ಅಪ್ಪು ಜಗತ್ತಿನಾದ್ಯಂತ ಲಕ್ಷಾಂತರ ಹೃದಯಗಳಲ್ಲಿ ನೆಲೆಸಿದ್ದಾರೆ. ಅವರು ತೇಜಸ್ಸಿನ ಪ್ರತೀಕ, ಚೈತನ್ಯದ ಚಿಲುಮೆ ಮತ್ತು ಸರಿಸಾಟಿಯಿಲ್ಲದ ಪ್ರತಿಭಾವಂತರಾಗಿದ್ದರು. #GandhadaGudi ಪ್ರಕೃತಿ ಮಾತೆಗೆ, ಕರ್ನಾಟಕದ ನೈಸರ್ಗಿಕ ಸೌಂದರ್ಯ ಹಾಗು ಪರಿಸರ ಸಂರಕ್ಷಣೆಗೆ ಸಲ್ಲಿಸಲಾದ ಗೌರವ. ಈ ಪ್ರಯತ್ನಕ್ಕೆ ನನ್ನ ಶುಭ ಹಾರೈಕೆಗಳು. https://t.co/VTimdGmDAM",29109,5848,2022-10-09 07:37:35+00:00
160,narendramodi,"Appu lives in the hearts of millions around the world. He was brilliance personified, full of energy and blessed with unparalleled talent. #GandhadaGudi is a tribute to Mother Nature, Karnataka's natural beauty and environmental conservation. My best wishes for this endeavour. https://t.co/VTimdGmDAM",59617,11425,2022-10-09 05:36:53+00:00
161,narendramodi,"Best wishes on Milad-un-Nabi. May this occasion further the spirit of peace, togetherness and compassion in our society. Eid Mubarak.",61435,6376,2022-10-09 04:27:43+00:00
162,narendramodi,देशवासियों को वाल्मीकि जयंती की शुभकामनाएं। https://t.co/2HAWjcia8B,43149,8559,2022-10-09 03:58:52+00:00
163,narendramodi,"ಏಕ ಭಾರತ್, ಶ್ರೇಷ್ಠ ಭಾರತ್.

ಇಂತಹ ಸಾಂಸ್ಕೃತಿಕ ವಿನಿಮಯಗಳು ಉತ್ತೇಜನಕಾರಿ. ಕರ್ನಾಟಕದ ಸಂಸ್ಕೃತಿ ಮತ್ತು ಕನ್ನಡ ಭಾಷೆಯನ್ನು ಭಾರತದಾದ್ಯಂತ ವ್ಯಾಪಕವಾಗಿ ಗೌರವಿಸಲಾಗುತ್ತಿದೆ! https://t.co/4rbVVzAnJl",10516,2042,2022-10-08 15:56:45+00:00
164,narendramodi,Excellent. I’m also tempted to share a picture from my visit to Srinagar in 2019. https://t.co/UYKde98S68 https://t.co/ZfDyghtEdj,17420,2866,2022-10-08 15:56:00+00:00
165,narendramodi,What a star Shauryajit is. https://t.co/8WoNldijfI,60271,7770,2022-10-08 15:52:54+00:00
166,narendramodi,"On Air Force Day, my greetings to the courageous air warriors and their families. In line with the motto of नभः स्पृशं दीप्तम्, the Indian Air Force has shown exceptional dexterity for decades. They have secured the nation and also shown remarkable human spirit during disasters. https://t.co/6g9twDJAGx",50396,10660,2022-10-08 03:20:02+00:00
167,narendramodi,Wonderful news! Compliments to the people of Jammu and Kashmir for their warmth and hospitality. https://t.co/HmVgZobj0A,14699,3645,2022-10-07 16:39:24+00:00
168,narendramodi,"This is among the many special gifts I have received over the years. Respecting people’s wishes, the auction of the mementoes has been extended till the 12th. Do take part. https://t.co/9MuJnWMvhr",8499,2645,2022-10-07 16:38:35+00:00
169,narendramodi,Yes that is true. The poor and middle class have greatly benefited. https://t.co/A2w90Uy6aU,19796,3558,2022-10-07 16:34:07+00:00
170,narendramodi,"We discussed India’s decision to mark 14th August as Partition Horrors Remembrance Day as a tribute to those who suffered due to Partition, built their lives from scratch and contributed to national progress. They epitomise human resilience and fortitude.",14257,3585,2022-10-07 09:29:51+00:00
171,narendramodi,Uma Ji gave me copies of 3 books penned by her late husband. Two of them are associated with the Gita and the third one titled 'Blood and Tears' is a moving account of Col (Retd) HK Suchdeva's experiences during the traumatic period of Partition and its impact on his life. https://t.co/W79BEXFLpi,15535,3597,2022-10-07 09:29:49+00:00
172,narendramodi,"Today I had a memorable interaction with Smt. Uma Suchdeva Ji. She is 90 years old and is blessed with great vigour and a spirit of optimism. Her husband, Colonel (Retd) HK Suchdeva was a widely respected veteran. Uma Ji is the aunt of General @Vedmalik1 Ji. https://t.co/DMM3dyfgZO",51106,7557,2022-10-07 09:29:46+00:00
173,narendramodi,"Mysuru Dasara is spectacular. I commend the people of Mysuru for preserving their culture and heritage so beautifully. I have fond memories of my Mysuru visits, the most recent one being during 2022 Yoga Day. https://t.co/2jynlJav6f",25161,5172,2022-10-06 08:59:27+00:00
174,narendramodi,"I’ve always believed - पहाड़ की जवानी और पहाड़ का पानी पहाड़ों के काम आना चाहिए।

Our hill states have the potential to become shining beacons of development. https://t.co/WP8HParjCS",10980,3272,2022-10-06 08:53:04+00:00
175,narendramodi,It absolutely is. Equally important is the fact that one can avail of the benefits of this scheme all over India. https://t.co/xeZYMcd0ju,10476,3106,2022-10-06 08:51:29+00:00
176,narendramodi,Creative…thank you Umang and Poonam. https://t.co/F41VrUusuV,30426,4617,2022-10-06 08:49:57+00:00
177,narendramodi,"Thank you Himachal Pradesh. From the AIIMS visit to a memorable Dussehra programme, here are highlights from yesterday. https://t.co/n3YqMFVmtC",39664,7443,2022-10-06 04:55:15+00:00
178,narendramodi,India’s Nari Shakti is a key beneficiary of the NDA Government’s development initiatives. https://t.co/s0Ltt0g9c6,15736,4430,2022-10-05 14:59:04+00:00
179,narendramodi,"Under the NDA Government at the Centre and BJP Government in the state, Himachal Pradesh has flourished in various sectors. https://t.co/gCmiNBxKpR",9325,3277,2022-10-05 14:58:44+00:00
180,narendramodi,"Went to AIIMS Bilaspur campus earlier today. The opening of AIIMS is a game changer for Himachal Pradesh. It is a campus which is sensitive to the environment. India's recent strides in the health sector have been exceptional, particularly benefiting the poor and middle class. https://t.co/dNgAwvybFE",19285,4620,2022-10-05 14:57:50+00:00
181,narendramodi,"हिमाचल की देवनीति में हमारी राजनीति के लिए भी बहुत बड़ी सीख है। देवनीति में कैसे सबके प्रयास से, सबको जोड़ते हुए, गांव-समाज की बेहतरी के लिए काम किया जाता है, वो विकसित भारत के निर्माण के लिए भी बड़ी प्रेरणा है।",13386,3575,2022-10-05 12:38:08+00:00
182,narendramodi,"बीते सालों में कुल्लू दशहरे का बहुत विस्तार हुआ है, लेकिन अभी भी इसमें बहुत संभावनाएं हैं। सुविधाओं का कैसे अधिक से अधिक विस्तार हो सके, इस पर निरंतर काम करते रहना है।",17672,4099,2022-10-05 12:36:18+00:00
183,narendramodi,"आज दुनिया में जिस प्रकार से भारत के समाज जीवन को जानने-समझने की ललक दिख रही है, उससे हमारे टूरिज्म को, हैरिटेज टूरिज्म के रूप में बहुत विस्तार मिल सकता है।",27765,4797,2022-10-05 12:35:03+00:00
184,narendramodi,"राष्ट्रीय एकता हो या फिर नागरिक कर्तव्य बोध, इसमें भी हमारी ये सांस्कृतिक विरासत कड़ी का काम करती है। यही वो मजबूत कड़ी है, जो देश को ही नहीं, बल्कि पूरी दुनिया को भी भारत से जोड़ती है।",14850,3545,2022-10-05 12:33:07+00:00
185,narendramodi,"हमारी असली विरासत हमारी संस्कृति और लोकजीवन है, जो हजारों वर्षों से हमें आगे बढ़ने के लिए प्रेरित और प्रोत्साहित करते आ रहे हैं। हम दुनिया में कहीं भी रहें, इसकी पहचान हमें हमारी ये विरासत ही कराती है।",33649,6236,2022-10-05 12:31:12+00:00
186,narendramodi,"समय के साथ कुल्लू सहित पूरा हिमाचल प्रदेश बदला है, लेकिन मुझे संतोष है कि यहां के लोगों ने अपनी संस्कृति को और अधिक सशक्त किया है। https://t.co/ZTENGDZGSX",30274,5661,2022-10-05 12:29:33+00:00
187,narendramodi,"हिमाचल, उत्सवों, पर्वों, त्योहारों का प्रदेश है। इन उत्सवों की एक और विशेषता है कि ये देव और लोक का अद्भुत संगम होते हैं। इनमें आस्था भी होती है और गीत-संगीत-नृत्य-व्यापार जैसे लोकजीवन के पहलू भी रहते हैं। https://t.co/OzHOhC2HKO",18654,3942,2022-10-05 12:27:33+00:00
188,narendramodi,ये मेरा सौभाग्य है कि मुझे ऐतिहासिक कुल्लू दशहरे का हिस्सा बनने का अवसर मिला। https://t.co/lXJTZDD9ub,24125,4637,2022-10-05 12:25:01+00:00
189,narendramodi,Elated to be in Devbhoomi Himachal Pradesh. Speaking at launch of development works in Bilaspur. https://t.co/RwjA4KcM0Y,17309,4545,2022-10-05 07:51:42+00:00
190,narendramodi,"This is a great sign, reflective of the collective commitment of 130 crore Indians to strengthen our Nari Shakti. https://t.co/OV3rLFR9Wp",15158,3468,2022-10-05 03:55:37+00:00
191,narendramodi,You are correct. Our efforts include more medical colleges and education in regional languages. Win win for budding doctors. https://t.co/uQmES1xOPM,9796,2070,2022-10-05 03:54:58+00:00
192,narendramodi,Rightly pointed. https://t.co/nTHSFJl1aU,16734,2866,2022-10-05 03:53:01+00:00
193,narendramodi,"This is the case all over India. Tier-2 and Tier-3 cities, towns, Aspirational Districts are getting attention so that they can shine. https://t.co/rDfcW44vox",8438,1947,2022-10-05 03:52:41+00:00
194,narendramodi,"सभी देशवासियों को विजय के प्रतीक-पर्व विजयादशमी की बहुत-बहुत बधाई। मेरी कामना है कि यह पावन अवसर हर किसी के जीवन में साहस, संयम और सकारात्मक ऊर्जा लेकर आए।",97575,14676,2022-10-05 03:02:22+00:00
195,narendramodi,"I am glad that the AIIMS Bilaspur will be dedicated to the nation. It will ensure better healthcare facilities for people in the region. 
Development works worth over Rs. 3650 crore spread across various sectors will either be inaugurated or their foundation stones would be laid. https://t.co/y6huiUBBte",23286,5389,2022-10-04 13:21:05+00:00
196,narendramodi,"It is always a delight to be in Himachal Pradesh, which is known for its warm-hearted people and great culture. I will be attending various programmes in the state tomorrow, 5th October. This includes the Kullu Dussehra celebrations in the evening. https://t.co/n6BT0DCEOr",21960,4589,2022-10-04 13:21:03+00:00
197,narendramodi,"This is heartening to see…Congrats to those undertaking this effort. 

During one of the #MannKiBaat programmes last year I had shared a similar effort in Kashi. Sharing that as well. https://t.co/bEmz0u4XvO https://t.co/A2ZdclTTR7",33455,6998,2022-10-04 09:42:01+00:00
198,narendramodi,"Bringing back the ashes of Shyamji Krishna Varma is one of the most special moments of my life. The fervour and pride it generated across the nation was unimaginable, particularly among the youth. https://t.co/n89lR4NJgI",16495,3885,2022-10-04 09:40:47+00:00
